{
  "retrieval_k": 8,
  "gate": 0.92,
  "assist_floor": 0.86,
  "val_diagnostics": {
    "k": {
      "recall_by_k": {
        "4": 0.8571428571428571,
        "6": 0.9142857142857143,
        "8": 0.9714285714285714,
        "12": 1.0,
        "16": 1.0,
        "24": 1.0,
        "32": 1.0
      },
      "target": 0.95,
      "n_answerable": 35
    },
    "gate_floor": {
      "gate_grid": {
        "0.5": {
          "n_fired": 42,
          "acc": 0.7619
        },
        "0.52": {
          "n_fired": 41,
          "acc": 0.7561
        },
        "0.54": {
          "n_fired": 41,
          "acc": 0.7561
        },
        "0.56": {
          "n_fired": 41,
          "acc": 0.7561
        },
        "0.58": {
          "n_fired": 41,
          "acc": 0.7561
        },
        "0.6": {
          "n_fired": 40,
          "acc": 0.775
        },
        "0.62": {
          "n_fired": 40,
          "acc": 0.775
        },
        "0.64": {
          "n_fired": 40,
          "acc": 0.775
        },
        "0.66": {
          "n_fired": 39,
          "acc": 0.7949
        },
        "0.68": {
          "n_fired": 39,
          "acc": 0.7949
        },
        "0.7": {
          "n_fired": 38,
          "acc": 0.8158
        },
        "0.72": {
          "n_fired": 38,
          "acc": 0.8158
        },
        "0.74": {
          "n_fired": 38,
          "acc": 0.8158
        },
        "0.76": {
          "n_fired": 38,
          "acc": 0.8158
        },
        "0.78": {
          "n_fired": 38,
          "acc": 0.8158
        },
        "0.8": {
          "n_fired": 36,
          "acc": 0.8333
        },
        "0.82": {
          "n_fired": 35,
          "acc": 0.8571
        },
        "0.84": {
          "n_fired": 35,
          "acc": 0.8571
        },
        "0.86": {
          "n_fired": 34,
          "acc": 0.8824
        },
        "0.88": {
          "n_fired": 30,
          "acc": 0.9
        },
        "0.9": {
          "n_fired": 26,
          "acc": 0.8846
        },
        "0.92": {
          "n_fired": 22,
          "acc": 0.9091
        },
        "0.94": {
          "n_fired": 20,
          "acc": 0.9
        },
        "0.96": {
          "n_fired": 14,
          "acc": 0.8571
        },
        "0.98": {
          "n_fired": 6,
          "acc": 0.8333
        }
      },
      "chosen_gate": 0.92,
      "gate_target": 0.95,
      "chosen_floor": 0.86,
      "val_handled_correct": 33,
      "val_total": 45,
      "val_assist_calls": 12
    }
  }
}